{"cameraMode":{"drawMode":0,"name":"Shaded","section":"Shading Mode"},"sceneLighting":true,"audioPlay":false,"sceneViewState":{"m_AlwaysRefresh":false,"showFog":true,"showSkybox":true,"showFlares":true,"showImageEffects":true,"showParticleSystems":true,"showVisualEffectGraphs":true,"m_FxEnabled":false},"in2DMode":false,"pivot":{"x":0.5995152592658997,"y":0.8981823921203613,"z":0.9223340749740601},"rotation":{"x":0.3149489462375641,"y":-0.001425090478733182,"z":0.00046748860040679574,"w":0.9491258859634399},"size":6.531683921813965,"orthographic":true}