{"cameraMode":{"drawMode":0,"name":"Shaded","section":"Shading Mode"},"sceneLighting":true,"audioPlay":false,"sceneViewState":{"m_AlwaysRefresh":false,"showFog":true,"showSkybox":true,"showFlares":true,"showImageEffects":true,"showParticleSystems":true,"showVisualEffectGraphs":true,"m_FxEnabled":false},"in2DMode":false,"pivot":{"x":0.28433212637901308,"y":1.1463874578475953,"z":1.204149603843689},"rotation":{"x":0.3149489462375641,"y":-0.001425090478733182,"z":0.00046748860040679574,"w":0.9491258859634399},"size":6.216114521026611,"orthographic":true}